-- phpMyAdmin SQL Dump
-- version 5.2.1
-- https://www.phpmyadmin.net/
--
-- Host: 127.0.0.1
-- Generation Time: Apr 22, 2026 at 03:53 PM
-- Server version: 10.4.32-MariaDB
-- PHP Version: 8.2.12

SET SQL_MODE = "NO_AUTO_VALUE_ON_ZERO";
START TRANSACTION;
SET time_zone = "+00:00";


/*!40101 SET @OLD_CHARACTER_SET_CLIENT=@@CHARACTER_SET_CLIENT */;
/*!40101 SET @OLD_CHARACTER_SET_RESULTS=@@CHARACTER_SET_RESULTS */;
/*!40101 SET @OLD_COLLATION_CONNECTION=@@COLLATION_CONNECTION */;
/*!40101 SET NAMES utf8mb4 */;

--
-- Database: `db_klinik`
--

-- --------------------------------------------------------

--
-- Table structure for table `dokter`
--

CREATE TABLE `dokter` (
  `id_dokter` varchar(15) NOT NULL,
  `nama_dokter` varchar(80) NOT NULL,
  `id_klinik` varchar(15) NOT NULL
) ENGINE=InnoDB DEFAULT CHARSET=utf8mb4 COLLATE=utf8mb4_general_ci;

--
-- Dumping data for table `dokter`
--

INSERT INTO `dokter` (`id_dokter`, `nama_dokter`, `id_klinik`) VALUES
('D1', 'dr. Adinda Elvira Ratrissa', 'K1'),
('D10', 'dr. Hendry Pramudianto', 'K1'),
('D100', 'drg. Ayu Kurniasih, Sp.KGA', 'K19'),
('D101', 'drg. Lila Susanti, Sp.KGA', 'K19'),
('D102', 'drg. Shaffa Amalia, Sp.KGA', 'K19'),
('D103', 'drg. Andika D. Kartikasari, Sp.KG', 'K20'),
('D104', 'drg. Andrew Chandra Luwuk, Sp.KG', 'K20'),
('D105', 'drg. Hanny llanda, Sp.KG', 'K20'),
('D106', 'Dr. drg. Rina Permatasari, Sp.KG', 'K20'),
('D107', 'drg. Theresia Peggy Haryani, Sp.KG', 'K20'),
('D108', 'drg. Benny Mulyono Soegiharto, MSc, MorthRCS, Ph.D, Sp.Ort, Subsp.DDTK (K)', 'K21'),
('D109', 'Dr. drg. Fadli Jazaldi, Sp.Ort, Subsp.DDPK (K)', 'K21'),
('D11', 'dr. Jeremy Rafael Tandaju', 'K1'),
('D110', 'drg. Nathania Hartono, Sp.Ort', 'K21'),
('D111', 'drg. Ni Made Galuh A.W.S, Sp.Pros', 'K22'),
('D112', 'drg. Savedra Pratama, Sp.Pros', 'K22'),
('D113', 'drg. Agustina Fortunata Karim, Sp.Perio', 'K23'),
('D114', 'drg. Masita Mandasari, Ph.D, Sp.PM', 'K24'),
('D115', 'drg. Djoko Micni Mijaata, Sp.BMMF', 'K25'),
('D116', 'drg. Tavip Budi Setiawan, Sp.BMMF', 'K25'),
('D117', 'drg. M. Novo Perwira Lubis, Sp.RKG, Subsp.Rad. D (K)', 'K26'),
('D118', 'Dr. drg. Menik Priaminiarti, Sp.RKG, Subsp.R.D.P (K)', 'K26'),
('D119', 'dr. Alia Nessa Utami, Sp.M', 'K27'),
('D12', 'dr. Jessica Andrean', 'K1'),
('D120', 'dr. Britya lntar Luvila, Sp.M', 'K27'),
('D121', 'dr. Junaedi, Sp.M', 'K27'),
('D122', 'dr. Siti Fatimah Sah Rahmadhani, Sp.M', 'K27'),
('D123', 'dr. Agus Subagio, Sp.THTBKL', 'K28'),
('D124', 'dr. Aries Hariadi Putra, DPBO, Sp.THTBKL', 'K28'),
('D125', 'dr. Dwi Wahyu Manunggal, Sp.THT-BKL', 'K28'),
('D126', 'dr. Rangga Rayendra Saleh, Sp.THTBKL, Subsp.Oto. (K)', 'K28'),
('D127', 'dr. Ricky Yue, Sp.THTBKL', 'K28'),
('D128', 'dr. Vika Aryan Sari, Sp.THTBKL', 'K28'),
('D129', 'dr. Alexander Chandra, SPD V. E, FINSDV', 'K29'),
('D13', 'dr. Laurissa Mauke Jozali', 'K1'),
('D130', 'dr. Kardiana Purnama Dewi, SPD V. E, FINSDV', 'K29'),
('D131', 'dr. Susie Rendra, SPD V. E, FINSDV', 'K29'),
('D132', 'dr. Daniel Ardian Soeselo, Sp.B', 'K30'),
('D133', 'dr. Franky Mainza Zulkarnain, Sp.B', 'K30'),
('D134', 'dr. Cathline Freya Adhiwidjaja, Sp.B. A', 'K31'),
('D135', 'dr. Nurliati Sari Handini, Sp.B. p.R. E', 'K32'),
('D136', 'dr. Vera lkasari, Sp.B. p.R. E', 'K32'),
('D137', 'dr. Eko Priatno, Sp.B, Subsp.B. D (K)', 'K33'),
('D138', 'dr. Sugiharto Purnomo, Sp.B, Subsp.B. D (K)', 'K33'),
('D139', 'dr. Arief Wicaksono, Sp.B. S', 'K34'),
('D14', 'dr. Lulu Arivista Raharjo', 'K1'),
('D140', 'dr. Harvey Romola, Sp.BTKV, B.MedSc', 'K35'),
('D141', 'dr. Christian Silas, Sp.OT, Subsp.CO', 'K36'),
('D142', 'dr. Hanrizal Satria, Sp.OT, Subsp.OTB, MARS', 'K36'),
('D143', 'dr. Harvey Romola, Sp.BTKV, Subsp. VE (K) B.Med.Sc', 'K36'),
('D144', 'dr. Muki Partono, Sp.OT', 'K36'),
('D145', 'dr. Rizky Priambodo Wisnubaroto, Sp.OT', 'K36'),
('D146', 'dr. William Chandra, Sp.OT, Subsp.PL', 'K36'),
('D147', 'dr. Cahyo Novianto, M.Si.Med, Sp.B, Subsp.Onk (K)', 'K37'),
('D148', 'dr. Kristina Maria Siswiandari, Sp.B, Subsp.Onk (K)', 'K37'),
('D149', 'dr. Andre Yudha A. Hutahaean, Sp.U(K)', 'K38'),
('D15', 'dr. Mangaraja Fadly Hamonangan Simatupang', 'K1'),
('D150', 'dr. Caesar Khairul Wallad, Sp.U(K)', 'K38'),
('D151', 'dr. Devintha Tiza Ariani, Sp.U', 'K38'),
('D152', 'dr. Zainal Abidin, Sp.U', 'K38'),
('D153', 'dr. Edbert S. Wreksoatmodjo, Sp.KFR, M.Sc', 'K39'),
('D154', 'dr. Eriana, Sp.KFR', 'K39'),
('D155', 'dr. Tjie Haming Setiadi, Sp.KFR', 'K39'),
('D156', 'dr. Rima Melati, MKK, Sp.Ak , Sp.Ok', 'K40'),
('D157', 'dr. Andi Darwis, Sp.Rad., Subsp.RI (K)', 'K41'),
('D158', 'dr. Annisa Safitriana , Sp.Rad', 'K41'),
('D159', 'dr. Inge Friska Widjaya , Sp.Rad', 'K41'),
('D160', 'dr. Kanovnegara , Sp.Rad., B.Med.Sci', 'K41'),
('D161', 'Dr. drg. Menik Priaminiarti, Sp.RKG, Subsp.R.D.P (K)', 'K41'),
('D162', 'dr. Nataliandra Natasha Maarifat, Sp.Rad., Subsp.PRP (K)', 'K41'),
('D163', 'dr. Rahmi Alfiah Nur Alam , Sp.Rad. , Subsp.RA (K)', 'K41'),
('D164', 'dr. Arham Asril, Sp.An-Tl', 'K42'),
('D165', 'dr. Birman M Chandra, Sp.An-Tl', 'K42'),
('D166', 'dr. Deriyan Sukma Widjaja, Sp.An-Tl', 'K42'),
('D167', 'dr. Harry Pahala Siregar, Sp.An-Tl', 'K42'),
('D168', 'dr. Sandhi Prabowo Noorhassim Putra, Sp.An-Tl, Subsp.TI (K)', 'K42'),
('D169', 'dr. Trimardiana Maha, Sp.An-Tl', 'K42'),
('D17', 'dr. Metta Dewi', 'K1'),
('D170', 'dr. Maria Lioni Kusuma\r\n', 'K1'),
('D18', 'dr. Muhamad Rafli Haiqal', 'K1'),
('D19', 'dr. Natalia', 'K1'),
('D2', 'dr. Allysa Soraya Safitri', 'K1'),
('D20', 'dr. Nugroho Anargha', 'K1'),
('D21', 'dr. Putri Talita', 'K1'),
('D22', 'dr. R. Budi Prihantono', 'K1'),
('D23', 'dr. Reza Praditya', 'K1'),
('D24', 'dr. Sellina Windri', 'K1'),
('D25', 'dr. Shereen', 'K1'),
('D26', 'dr. Steven William Halim', 'K1'),
('D27', 'dr. A. Budi Marjono, Sp.OG, Ph.D', 'K2'),
('D28', 'dr. Andry, Sp.OG, FMIGS, FEGRF', 'K2'),
('D29', 'dr. Astrid Fransisca Padang, Sp.OG, Subsp.KFM', 'K2'),
('D3', 'dr. Aqil Putra Riode', 'K1'),
('D30', 'dr. Astrid Yunita, Sp.OG, Subsp.Urogin RE', 'K2'),
('D31', 'DR. MED. dr. Calvin Tjong, Sp.OG', 'K2'),
('D32', 'dr. Dhely Lesthama Atmadikoesoemah, Sp.OG', 'K2'),
('D33', 'dr. Erdwin Rakun, Sp.OG', 'K2'),
('D34', 'dr. Eric Kasmara, Sp.OG', 'K2'),
('D35', 'dr. Forry Fortuna Djajasasmita, Sp.OG', 'K2'),
('D36', 'dr. Grace Valentine, Sp.OG, FMIGS', 'K2'),
('D37', 'dr. Kartika Hapsari, Sp.OG, FNVOG', 'K2'),
('D38', 'dr. Ni Komang Yeni Dhana Sari, Sp.OG', 'K2'),
('D39', 'dr. Shanty Olivia Jasirwan, Sp.OG, Subsp.FER', 'K2'),
('D4', 'dr. Audrey Gracillia Rachel', 'K1'),
('D40', 'dr. Thomas Chayadi, Sp.OG', 'K2'),
('D41', 'dr. William, Sp.And', 'K3'),
('D42', 'dr. Cynthia Rindang Kusumaningtyas, Sp.A', 'K4'),
('D43', 'dr. Dwinanda Aidina, Sp.A, Subsp.IPT', 'K4'),
('D44', 'dr. Ellen Wijaya, Sp.A', 'K4'),
('D45', 'dr. Felix, Sp.A', 'K4'),
('D46', 'dr. Frieda Hartono, Sp.A', 'K4'),
('D47', 'dr. George Mogi, Sp.A', 'K4'),
('D48', 'dr. Jeanne-Roos Tikoalu, Sp.A, IBCLC, CIMI', 'K4'),
('D49', 'dr. Martani Widjajanti Sukarlan, Sp.A, Subsp.A. I', 'K4'),
('D5', 'dr. Bryant', 'K1'),
('D50', 'dr. Martine Natasuria, Sp.A, M. Kes', 'K4'),
('D51', 'dr. Novitria Dwinanda, Sp.A, Subsp.NPM', 'K4'),
('D52', 'dr. Setya Dewi Lusyati, Sp.A, Subsp.Neo, Ph.D', 'K4'),
('D53', 'dr. Inke Prasetyowati', 'K5'),
('D54', 'dr. Jeanne-Roos Tikoalu, Sp.A, IBCLC, CIMI', 'K5'),
('D55', 'dr. Margaret Mutiaratirta Sugondo, IBCLC', 'K5'),
('D56', 'dr. David Fadjar Putra, MS, Sp.GK', 'K6'),
('D57', 'dr. Ida Gunawan, MS, Sp.GK, Subsp.KM, FINEM', 'K6'),
('D58', 'Meriyati, M. Psi, Psikolog', 'K7'),
('D59', 'dr. Engelberta P, Sp.KJ', 'K8'),
('D6', 'dr. Callen', 'K1'),
('D60', 'dr. Ferdi Trisnomihardja, Sp.KJ', 'K8'),
('D61', 'dr. Ika Widyawati, Sp.KJ, Subsp.AR (K)', 'K8'),
('D62', 'dr. Leonardi Armando Goenawan, Sp.K.J', 'K8'),
('D63', 'dr. Bonita Effendi, B.Med.Sci, M.Epid, Sp.p.D', 'K9'),
('D64', 'dr. Imelda Maria Loho, Sp.PD, FINASIM', 'K9'),
('D65', 'dr. Kamsi Rachmawati, Sp.PD, FINASIM', 'K9'),
('D66', 'dr. Margretha Lyn Hadiprasetya, Sp.p.D', 'K9'),
('D67', 'dr. Nurleny Sutanto, Sp.PD, Sp.MK, FPCP, FINASIM', 'K9'),
('D68', 'dr. Tiroy Sari Bumi Simanjuntak, Sp.p.D', 'K9'),
('D69', 'dr. Wirawan Hambali, Sp.PD, FINASIM', 'K9'),
('D7', 'dr. Clarissa Yudakusuma', 'K1'),
('D70', 'dr. M. Ikhsan Mokoagow, M.Med.Sci, Sp.PD, Subsp.EMD, FINASIM', 'K10'),
('D71', 'dr. Duddy Mulyawan I. K. Djajadisastra, Sp.PD-KGEH', 'K11'),
('D72', 'dr. Lianda Siregar, Sp.PD, Subsp.GEH, FINASIM', 'K11'),
('D73', 'dr. Lydia Dorothea Simatupang, Sp.PD, Subsp.GH, FINASIM', 'K12'),
('D74', 'dr. Alvin Tagor Harahap, Sp.PD, Subsp.HOM', 'K13'),
('D75', 'dr. Sri Agustini Kurniawati, Sp.PD, Subsp.HOM', 'K13'),
('D76', 'dr. Ronald Irwanto Natadijaja, Sp.PD, Subsp.p.T. I', 'K14'),
('D77', 'dr. Aditya Agita Sembiring, Sp.JP, Subsp.KPPJB (K)', 'K15'),
('D78', 'dr. dr. Anwar Santoso, Sp.JP, Subsp.PRKV (K), FIHA, FASCC', 'K15'),
('D79', 'dr. Johan Winata, Sp.JP, Subsp.KI (K), FIHA', 'K15'),
('D8', 'dr. Corrina Giovani', 'K1'),
('D80', 'dr. Sony Nilai Wicaksono, Sp.JP, Subsp.PKV (K), FIHA', 'K15'),
('D81', 'dr. Winarto, Sp.JP, FIHA', 'K15'),
('D82', 'dr. Budhi Antariksa, Ph.D, Sp.PKR, Subsp.APPOK', 'K16'),
('D83', 'dr. Desilia Atikawati, Sp.PKR, FAPSR', 'K16'),
('D84', 'dr. Puji Astuti, Sp.PKR', 'K16'),
('D85', 'dr. Triya Damayanti, Ph.D, Sp.PKR, Subsp.APPOK', 'K16'),
('D86', 'dr. Wily Pandu Ariawan, Sp.P(K)Onk', 'K16'),
('D87', 'dr. Alifa Dimanti, Sp.N', 'K17'),
('D88', 'dr. Firman Hendrik, Sp.N', 'K17'),
('D89', 'dr. Marcus Adityawan Bahroen, Sp.N', 'K17'),
('D9', 'dr. Dahlia Bunjamin', 'K1'),
('D90', 'dr. Michael Setiawan, Sp.N', 'K17'),
('D91', 'dr. Sigit Dewanto H., Sp.N, FINS, FINA', 'K17'),
('D92', 'dr. Witjahyakarta Widjaja, Sp.N', 'K17'),
('D93', 'drg. Anissya Pramesti Harningputri', 'K18'),
('D94', 'drg. lnneke Tourisia Wibawa', 'K18'),
('D95', 'drg. Monika lndriana', 'K18'),
('D96', 'drg. Richard Thomas Hartono', 'K18'),
('D97', 'drg. Septien Dwitanti Kusuma', 'K18'),
('D98', 'drg. Wahyudi', 'K18'),
('D99', 'drg. Alana Aluditasari, Sp.KGA', 'K19');

-- --------------------------------------------------------

--
-- Table structure for table `hari`
--

CREATE TABLE `hari` (
  `id_hari` varchar(15) NOT NULL,
  `nama_hari` varchar(30) NOT NULL
) ENGINE=InnoDB DEFAULT CHARSET=utf8mb4 COLLATE=utf8mb4_general_ci;

--
-- Dumping data for table `hari`
--

INSERT INTO `hari` (`id_hari`, `nama_hari`) VALUES
('H1', 'Senin'),
('H2', 'Selasa'),
('H3', 'Rabu'),
('H4', 'Kamis'),
('H5', 'Jumat'),
('H6', 'Sabtu'),
('H7', 'Minggu');

-- --------------------------------------------------------

--
-- Table structure for table `jadwal`
--

CREATE TABLE `jadwal` (
  `id_jadwal` varchar(15) NOT NULL,
  `id_klinik` varchar(15) NOT NULL,
  `id_dokter` varchar(15) NOT NULL,
  `id_hari` varchar(15) NOT NULL,
  `jam_praktek` time NOT NULL
) ENGINE=InnoDB DEFAULT CHARSET=utf8mb4 COLLATE=utf8mb4_general_ci;

--
-- Dumping data for table `jadwal`
--

INSERT INTO `jadwal` (`id_jadwal`, `id_klinik`, `id_dokter`, `id_hari`, `jam_praktek`) VALUES
('JJ1', 'K1', 'D7', 'H5', '14:00:00'),
('JJ10', 'K2', 'D40', 'H5', '09:00:00'),
('JJ11', 'K4', 'D42', 'H5', '09:00:00'),
('JJ12', 'K4', 'D42', 'H5', '13:00:00'),
('JJ13', 'K4', 'D44', 'H5', '09:00:00'),
('JJ14', 'K4', 'D46', 'H5', '09:00:00'),
('JJ15', 'K4', 'D47', 'H5', '15:00:00'),
('JJ16', 'K4', 'D48', 'H5', '09:00:00'),
('JJ17', 'K4', 'D48', 'H5', '15:00:00'),
('JJ18', 'K4', 'D50', 'H5', '09:00:00'),
('JJ19', 'K5', 'D53', 'H5', '10:30:00'),
('JJ2', 'K1', 'D8', 'H5', '09:00:00'),
('JJ20', 'K5', 'D54', 'H5', '09:00:00'),
('JJ21', 'K5', 'D54', 'H5', '15:00:00'),
('JJ22', 'K6', 'D57', 'H5', '11:00:00'),
('JJ23', 'K8', 'D60', 'H5', '16:00:00'),
('JJ24', 'K9', 'D63', 'H5', '08:00:00'),
('JJ25', 'K9', 'D63', 'H5', '17:00:00'),
('JJ26', 'K9', 'D65', 'H5', '13:00:00'),
('JJ27', 'K9', 'D66', 'H5', '08:00:00'),
('JJ28', 'K9', 'D67', 'H5', '08:30:00'),
('JJ29', 'K9', 'D69', 'H5', '09:00:00'),
('JJ3', 'K2', 'D27', 'H5', '14:00:00'),
('JJ30', 'K9', 'D69', 'H5', '17:00:00'),
('JJ31', 'K10', 'D70', 'H3', '18:30:00'),
('JJ32', 'K11', 'D72', 'H5', '17:00:00'),
('JJ33', 'K12', 'D73', 'H5', '11:00:00'),
('JJ34', 'K13', 'D74', 'H5', '18:00:00'),
('JJ35', 'K14', 'D76', 'H5', '09:00:00'),
('JJ36', 'K15', 'D79', 'H5', '08:00:00'),
('JJ37', 'K15', 'D79', 'H5', '16:00:00'),
('JJ38', 'K15', 'D80', 'H5', '08:00:00'),
('JJ39', 'K15', 'D81', 'H5', '11:00:00'),
('JJ4', 'K2', 'D28', 'H5', '09:00:00'),
('JJ40', 'K16', 'D82', 'H5', '16:00:00'),
('JJ41', 'K16', 'D83', 'H5', '09:00:00'),
('JJ42', 'K17', 'D89', 'H5', '17:00:00'),
('JJ43', 'K17', 'D91', 'H5', '09:00:00'),
('JJ44', 'K18', 'D93', 'H5', '15:00:00'),
('JJ45', 'K18', 'D94', 'H5', '13:00:00'),
('JJ46', 'K18', 'D96', 'H5', '12:30:00'),
('JJ47', 'K18', 'D98', 'H5', '08:30:00'),
('JJ48', 'K19', 'D101', 'H5', '14:00:00'),
('JJ49', 'K19', 'D102', 'H5', '10:00:00'),
('JJ5', 'K2', 'D28', 'H5', '17:00:00'),
('JJ50', 'K20', 'D103', 'H5', '08:30:00'),
('JJ51', 'K20', 'D105', 'H5', '16:00:00'),
('JJ52', 'K21', 'D109', 'H5', '16:00:00'),
('JJ53', 'K21', 'D109', 'H6', '08:00:00'),
('JJ54', 'K22', 'D111', 'H5', '09:00:00'),
('JJ55', 'K23', 'D113', 'H5', '16:00:00'),
('JJ56', 'K25', 'D115', 'H5', '09:00:00'),
('JJ57', 'K27', 'D119', 'H5', '16:00:00'),
('JJ58', 'K27', 'D120', 'H5', '08:30:00'),
('JJ59', 'K27', 'D121', 'H5', '18:00:00'),
('JJ6', 'K2', 'D32', 'H5', '16:00:00'),
('JJ60', 'K27', 'D122', 'H5', '13:00:00'),
('JJ61', 'K28', 'D124', 'H5', '08:00:00'),
('JJ62', 'K28', 'D125', 'H5', '08:00:00'),
('JJ63', 'K28', 'D126', 'H5', '17:00:00'),
('JJ64', 'K28', 'D127', 'H5', '14:00:00'),
('JJ65', 'K29', 'D129', 'H5', '13:00:00'),
('JJ66', 'K29', 'D131', 'H5', '08:00:00'),
('JJ67', 'K30', 'D132', 'H5', '14:00:00'),
('JJ68', 'K30', 'D133', 'H5', '11:00:00'),
('JJ69', 'K30', 'D133', 'H5', '14:00:00'),
('JJ7', 'K2', 'D34', 'H5', '15:00:00'),
('JJ70', 'K32', 'D136', 'H5', '09:00:00'),
('JJ71', 'K33', 'D137', 'H5', '10:00:00'),
('JJ72', 'K36', 'D145', 'H5', '09:00:00'),
('JJ73', 'K36', 'D146', 'H5', '15:00:00'),
('JJ74', 'K37', 'D148', 'H5', '16:00:00'),
('JJ75', 'K38', 'D149', 'H5', '13:00:00'),
('JJ76', 'K38', 'D151', 'H5', '09:00:00'),
('JJ77', 'K39', 'D153', 'H5', '09:00:00'),
('JJ78', 'K39', 'D153', 'H5', '14:00:00'),
('JJ8', 'K2', 'D36', 'H5', '16:00:00'),
('JJ9', 'K2', 'D38', 'H5', '14:00:00'),
('JK1', 'K1', 'D8', 'H5', '14:00:00'),
('JK10', 'K2', 'D39', 'H4', '17:00:00'),
('JK11', 'K3', 'D41', 'H4', '17:00:00'),
('JK12', 'K4', 'D42', 'H4', '09:00:00'),
('JK13', 'K4', 'D42', 'H4', '13:00:00'),
('JK14', 'K4', 'D43', 'H4', '16:00:00'),
('JK15', 'K4', 'D46', 'H4', '15:00:00'),
('JK16', 'K4', 'D47', 'H4', '09:00:00'),
('JK17', 'K4', 'D47', 'H4', '15:00:00'),
('JK18', 'K4', 'D48', 'H4', '09:00:00'),
('JK19', 'K4', 'D48', 'H4', '15:00:00'),
('JK20', 'K4', 'D49', 'H4', '10:00:00'),
('JK21', 'K4', 'D50', 'H4', '09:00:00'),
('JK22', 'K5', 'D54', 'H4', '09:00:00'),
('JK23', 'K5', 'D54', 'H4', '15:00:00'),
('JK24', 'K5', 'D55', 'H4', '08:00:00'),
('JK25', 'K7', 'D58', 'H4', '14:00:00'),
('JK26', 'K8', 'D59', 'H4', '10:00:00'),
('JK27', 'K9', 'D63', 'H4', '08:00:00'),
('JK28', 'K9', 'D63', 'H4', '14:00:00'),
('JK29', 'K9', 'D65', 'H4', '13:00:00'),
('JK3', 'K2', 'D29', 'H4', '10:00:00'),
('JK30', 'K9', 'D66', 'H4', '08:00:00'),
('JK31', 'K9', 'D67', 'H4', '14:30:00'),
('JK32', 'K9', 'D68', 'H4', '17:00:00'),
('JK33', 'K9', 'D69', 'H4', '09:00:00'),
('JK34', 'K11', 'D71', 'H4', '09:00:00'),
('JK35', 'K12', 'D73', 'H4', '11:00:00'),
('JK36', 'K14', 'D76', 'H4', '09:00:00'),
('JK37', 'K15', 'D77', 'H4', '17:00:00'),
('JK38', 'K15', 'D78', 'H4', '09:00:00'),
('JK39', 'K15', 'D79', 'H4', '08:00:00'),
('JK4', 'K2', 'D28', 'H4', '09:00:00'),
('JK40', 'K15', 'D79', 'H4', '16:00:00'),
('JK41', 'K15', 'D80', 'H4', '15:00:00'),
('JK42', 'K15', 'D81', 'H4', '11:00:00'),
('JK43', 'K16', 'D83', 'H4', '16:00:00'),
('JK44', 'K16', 'D84', 'H4', '08:00:00'),
('JK45', 'K17', 'D88', 'H2', '16:00:00'),
('JK46', 'K17', 'D89', 'H4', '11:00:00'),
('JK47', 'K17', 'D91', 'H5', '09:00:00'),
('JK48', 'K18', 'D94', 'H4', '09:00:00'),
('JK49', 'K18', 'D95', 'H4', '12:00:00'),
('JK5', 'K2', 'D30', 'H4', '15:30:00'),
('JK50', 'K18', 'D96', 'H4', '12:00:00'),
('JK51', 'K18', 'D97', 'H4', '15:00:00'),
('JK52', 'K20', 'D104', 'H4', '09:00:00'),
('JK53', 'K20', 'D105', 'H4', '09:00:00'),
('JK54', 'K20', 'D106', 'H4', '14:00:00'),
('JK55', 'K21', 'D108', 'H4', '17:00:00'),
('JK56', 'K22', 'D111', 'H4', '09:00:00'),
('JK57', 'K24', 'D114', 'H4', '16:00:00'),
('JK58', 'K25', 'D116', 'H4', '16:00:00'),
('JK59', 'K27', 'D119', 'H4', '16:30:00'),
('JK6', 'K2', 'D32', 'H4', '09:00:00'),
('JK60', 'K27', 'D121', 'H4', '18:00:00'),
('JK61', 'K27', 'D122', 'H4', '10:00:00'),
('JK62', 'K28', 'D123', 'H4', '08:00:00'),
('JK63', 'K28', 'D123', 'H4', '12:30:00'),
('JK64', 'K28', 'D124', 'H4', '08:00:00'),
('JK65', 'K28', 'D126', 'H4', '16:00:00'),
('JK66', 'K28', 'D127', 'H4', '15:00:00'),
('JK67', 'K28', 'D128', 'H4', '17:00:00'),
('JK68', 'K29', 'D129', 'H4', '09:00:00'),
('JK69', 'K29', 'D130', 'H4', '15:00:00'),
('JK7', 'K2', 'D33', 'H4', '10:00:00'),
('JK70', 'K30', 'D132', 'H4', '14:00:00'),
('JK71', 'K30', 'D133', 'H4', '11:00:00'),
('JK72', 'K30', 'D133', 'H4', '14:00:00'),
('JK73', 'K31', 'D134', 'H4', '17:30:00'),
('JK74', 'K32', 'D136', 'H4', '11:00:00'),
('JK75', 'K33', 'D137', 'H4', '10:00:00'),
('JK76', 'K33', 'D138', 'H4', '15:00:00'),
('JK77', 'K35', 'D140', 'H4', '15:00:00'),
('JK78', 'K36', 'D141', 'H4', '09:00:00'),
('JK79', 'K36', 'D143', 'H4', '15:00:00'),
('JK8', 'K2', 'D34', 'H4', '17:00:00'),
('JK80', 'K36', 'D145', 'H4', '15:00:00'),
('JK81', 'K37', 'D147', 'H4', '16:00:00'),
('JK82', 'K38', 'D149', 'H4', '16:00:00'),
('JK83', 'K38', 'D151', 'H4', '11:00:00'),
('JK84', 'K38', 'D152', 'H4', '13:30:00'),
('JK9', 'K2', 'D35', 'H4', '17:00:00'),
('JM1', 'K18', 'D93', 'H7', '09:00:00'),
('JM2', 'K19', 'D99', 'H7', '09:00:00'),
('JM3', 'K20', 'D107', 'H6', '10:00:00'),
('JR1', 'K1', 'D10', 'H3', '14:00:00'),
('JR10', 'K4', 'D42', 'H3', '13:00:00'),
('JR11', 'K4', 'D45', 'H3', '17:30:00'),
('JR12', 'K4', 'D46', 'H3', '09:00:00'),
('JR13', 'K4', 'D48', 'H3', '15:00:00'),
('JR14', 'K4', 'D50', 'H3', '09:00:00'),
('JR15', 'K4', 'D51', 'H3', '16:00:00'),
('JR16', 'K5', 'D53', 'H3', '10:30:00'),
('JR17', 'K5', 'D54', 'H3', '15:00:00'),
('JR18', 'K6', 'D57', 'H3', '11:00:00'),
('JR19', 'K8', 'D60', 'H3', '15:00:00'),
('JR2', 'K1', 'D170', 'H3', '09:00:00'),
('JR20', 'K9', 'D63', 'H3', '12:00:00'),
('JR21', 'K9', 'D63', 'H3', '17:00:00'),
('JR22', 'K9', 'D65', 'H3', '13:00:00'),
('JR23', 'K9', 'D66', 'H3', '09:00:00'),
('JR24', 'K9', 'D67', 'H3', '08:30:00'),
('JR25', 'K9', 'D68', 'H3', '17:00:00'),
('JR26', 'K9', 'D69', 'H3', '09:00:00'),
('JR27', 'K9', 'D69', 'H3', '17:00:00'),
('JR28', 'K10', 'D70', 'H3', '18:30:00'),
('JR29', 'K11', 'D72', 'H3', '17:00:00'),
('JR3', 'K2', 'D27', 'H3', '14:00:00'),
('JR30', 'K13', 'D75', 'H3', '16:30:00'),
('JR31', 'K15', 'D78', 'H3', '09:00:00'),
('JR32', 'K15', 'D79', 'H3', '08:00:00'),
('JR33', 'K15', 'D79', 'H3', '16:00:00'),
('JR34', 'K15', 'D80', 'H3', '15:00:00'),
('JR35', 'K15', 'D81', 'H3', '11:00:00'),
('JR36', 'K16', 'D83', 'H3', '09:00:00'),
('JR37', 'K16', 'D85', 'H3', '17:00:00'),
('JR38', 'K16', 'D86', 'H3', '16:00:00'),
('JR39', 'K17', 'D87', 'H3', '10:00:00'),
('JR4', 'K2', 'D28', 'H3', '10:00:00'),
('JR40', 'K17', 'D89', 'H3', '16:00:00'),
('JR41', 'K17', 'D90', 'H3', '17:00:00'),
('JR42', 'K17', 'D92', 'H3', '09:00:00'),
('JR43', 'K18', 'D93', 'H3', '14:00:00'),
('JR44', 'K18', 'D96', 'H3', '12:30:00'),
('JR45', 'K18', 'D97', 'H3', '09:00:00'),
('JR46', 'K18', 'D98', 'H3', '15:00:00'),
('JR47', 'K19', 'D99', 'H3', '09:00:00'),
('JR48', 'K19', 'D100', 'H3', '16:00:00'),
('JR49', 'K20', 'D103', 'H3', '15:00:00'),
('JR5', 'K2', 'D31', 'H3', '09:00:00'),
('JR50', 'K20', 'D107', 'H3', '09:00:00'),
('JR51', 'K21', 'D110', 'H3', '16:00:00'),
('JR52', 'K22', 'D112', 'H3', '10:00:00'),
('JR53', 'K25', 'D115', 'H3', '16:00:00'),
('JR54', 'K25', 'D116', 'H3', '09:00:00'),
('JR55', 'K27', 'D119', 'H3', '16:00:00'),
('JR56', 'K27', 'D121', 'H3', '18:00:00'),
('JR57', 'K27', 'D122', 'H3', '10:00:00'),
('JR58', 'K28', 'D124', 'H3', '09:00:00'),
('JR59', 'K28', 'D124', 'H3', '14:00:00'),
('JR6', 'K2', 'D34', 'H3', '16:00:00'),
('JR60', 'K28', 'D125', 'H3', '08:00:00'),
('JR61', 'K28', 'D127', 'H3', '17:00:00'),
('JR62', 'K29', 'D129', 'H3', '11:00:00'),
('JR63', 'K29', 'D130', 'H3', '09:00:00'),
('JR64', 'K29', 'D131', 'H3', '14:00:00'),
('JR65', 'K30', 'D132', 'H3', '14:00:00'),
('JR66', 'K30', 'D133', 'H3', '11:00:00'),
('JR67', 'K30', 'D133', 'H3', '14:00:00'),
('JR68', 'K32', 'D136', 'H3', '08:00:00'),
('JR69', 'K33', 'D137', 'H3', '10:00:00'),
('JR7', 'K2', 'D36', 'H3', '16:00:00'),
('JR70', 'K36', 'D141', 'H3', '09:00:00'),
('JR71', 'K36', 'D141', 'H3', '15:00:00'),
('JR72', 'K36', 'D144', 'H3', '10:00:00'),
('JR73', 'K36', 'D145', 'H3', '09:00:00'),
('JR74', 'K36', 'D146', 'H3', '15:00:00'),
('JR75', 'K37', 'D148', 'H3', '16:00:00'),
('JR76', 'K38', 'D149', 'H3', '13:00:00'),
('JR77', 'K38', 'D150', 'H3', '17:00:00'),
('JR78', 'K38', 'D151', 'H3', '09:00:00'),
('JR79', 'K39', 'D153', 'H3', '09:00:00'),
('JR8', 'K2', 'D38', 'H3', '14:00:00'),
('JR80', 'K39', 'D153', 'H3', '14:00:00'),
('JR81', 'K40', 'D156', 'H3', '16:00:00'),
('JR9', 'K2', 'D40', 'H3', '17:00:00'),
('JSA1', 'K1', 'D116', 'H6', '09:00:00'),
('JSA10', 'K2', 'D39', 'H6', '17:00:00'),
('JSA11', 'K3', 'D41', 'H6', '08:00:00'),
('JSA12', 'K4', 'D42', 'H6', '09:00:00'),
('JSA13', 'K4', 'D42', 'H6', '13:00:00'),
('JSA14', 'K4', 'D43', 'H6', '16:00:00'),
('JSA15', 'K4', 'D44', 'H6', '09:00:00'),
('JSA16', 'K4', 'D46', 'H6', '15:00:00'),
('JSA17', 'K4', 'D47', 'H6', '09:00:00'),
('JSA18', 'K4', 'D48', 'H6', '09:00:00'),
('JSA19', 'K4', 'D48', 'H6', '15:00:00'),
('JSA2', 'K1', 'D24', 'H6', '14:00:00'),
('JSA20', 'K4', 'D50', 'H6', '09:00:00'),
('JSA21', 'K4', 'D52', 'H6', '17:00:00'),
('JSA22', 'K5', 'D54', 'H6', '09:00:00'),
('JSA23', 'K5', 'D54', 'H6', '15:00:00'),
('JSA24', 'K6', 'D57', 'H6', '11:00:00'),
('JSA25', 'K8', 'D61', 'H6', '15:00:00'),
('JSA26', 'K8', 'D62', 'H6', '08:00:00'),
('JSA27', 'K9', 'D63', 'H6', '08:00:00'),
('JSA28', 'K9', 'D64', 'H6', '09:00:00'),
('JSA29', 'K9', 'D65', 'H6', '13:00:00'),
('JSA3', 'K2', 'D28', 'H6', '09:00:00'),
('JSA30', 'K9', 'D67', 'H6', '08:30:00'),
('JSA31', 'K9', 'D69', 'H6', '09:00:00'),
('JSA32', 'K10', 'D70', 'H3', '10:00:00'),
('JSA33', 'K11', 'D71', 'H6', '16:00:00'),
('JSA34', 'K11', 'D72', 'H6', '11:00:00'),
('JSA35', 'K14', 'D76', 'H6', '08:00:00'),
('JSA36', 'K15', 'D77', 'H6', '08:00:00'),
('JSA37', 'K15', 'D79', 'H6', '08:00:00'),
('JSA38', 'K15', 'D80', 'H6', '08:00:00'),
('JSA39', 'K15', 'D81', 'H6', '11:00:00'),
('JSA4', 'K2', 'D30', 'H6', '14:00:00'),
('JSA40', 'K16', 'D83', 'H6', '09:00:00'),
('JSA41', 'K16', 'D86', 'H6', '14:00:00'),
('JSA42', 'K17', 'D89', 'H6', '14:00:00'),
('JSA43', 'K17', 'D90', 'H6', '10:30:00'),
('JSA44', 'K18', 'D94', 'H6', '08:00:00'),
('JSA45', 'K18', 'D95', 'H6', '09:00:00'),
('JSA46', 'K18', 'D96', 'H6', '12:00:00'),
('JSA47', 'K18', 'D98', 'H6', '15:00:00'),
('JSA48', 'K19', 'D100', 'H6', '09:00:00'),
('JSA49', 'K19', 'D101', 'H6', '14:30:00'),
('JSA5', 'K2', 'D31', 'H6', '09:00:00'),
('JSA50', 'K20', 'D105', 'H6', '15:00:00'),
('JSA51', 'K20', 'D107', 'H6', '09:00:00'),
('JSA52', 'K21', 'D110', 'H6', '16:00:00'),
('JSA54', 'K22', 'D112', 'H6', '17:00:00'),
('JSA55', 'K23', 'D113', 'H6', '09:00:00'),
('JSA56', 'K25', 'D116', 'H6', '15:00:00'),
('JSA57', 'K27', 'D119', 'H6', '16:00:00'),
('JSA58', 'K27', 'D122', 'H6', '09:00:00'),
('JSA59', 'K28', 'D125', 'H6', '08:00:00'),
('JSA6', 'K2', 'D32', 'H6', '09:00:00'),
('JSA60', 'K28', 'D126', 'H6', '13:00:00'),
('JSA61', 'K28', 'D127', 'H6', '08:00:00'),
('JSA62', 'K28', 'D128', 'H6', '14:00:00'),
('JSA63', 'K29', 'D129', 'H6', '15:00:00'),
('JSA64', 'K29', 'D130', 'H6', '12:00:00'),
('JSA65', 'K29', 'D131', 'H6', '08:00:00'),
('JSA66', 'K30', 'D132', 'H6', '14:00:00'),
('JSA67', 'K30', 'D133', 'H6', '11:00:00'),
('JSA68', 'K32', 'D135', 'H6', '14:00:00'),
('JSA69', 'K33', 'D137', 'H6', '10:00:00'),
('JSA7', 'K2', 'D34', 'H6', '09:00:00'),
('JSA70', 'K35', 'D140', 'H6', '10:00:00'),
('JSA71', 'K36', 'D141', 'H6', '08:00:00'),
('JSA72', 'K36', 'D141', 'H6', '14:00:00'),
('JSA73', 'K36', 'D142', 'H6', '10:00:00'),
('JSA74', 'K36', 'D143', 'H6', '10:00:00'),
('JSA75', 'K36', 'D144', 'H6', '10:00:00'),
('JSA76', 'K36', 'D145', 'H6', '15:00:00'),
('JSA77', 'K38', 'D149', 'H6', '13:00:00'),
('JSA78', 'K38', 'D150', 'H6', '17:00:00'),
('JSA79', 'K38', 'D152', 'H6', '10:00:00'),
('JSA8', 'K2', 'D34', 'H6', '17:00:00'),
('JSA80', 'K39', 'D153', 'H6', '14:00:00'),
('JSA81', 'K39', 'D154', 'H6', '09:00:00'),
('JSA9', 'K2', 'D38', 'H6', '09:00:00'),
('JSE1', 'K1', 'D24', 'H2', '14:00:00'),
('JSE10', 'K2', 'D37', 'H2', '16:00:00'),
('JSE11', 'K2', 'D39', 'H2', '16:00:00'),
('JSE12', 'K4', 'D42', 'H2', '09:00:00'),
('JSE13', 'K4', 'D42', 'H2', '13:00:00'),
('JSE14', 'K4', 'D43', 'H2', '16:00:00'),
('JSE15', 'K4', 'D44', 'H2', '15:00:00'),
('JSE16', 'K4', 'D45', 'H2', '17:30:00'),
('JSE17', 'K4', 'D46', 'H2', '09:00:00'),
('JSE18', 'K4', 'D47', 'H2', '09:00:00'),
('JSE19', 'K4', 'D48', 'H4', '09:00:00'),
('JSE2', 'K1', 'D25', 'H2', '09:00:00'),
('JSE20', 'K4', 'D49', 'H2', '10:00:00'),
('JSE21', 'K4', 'D50', 'H2', '15:00:00'),
('JSE22', 'K5', 'D54', 'H2', '09:00:00'),
('JSE23', 'K5', 'D55', 'H2', '08:00:00'),
('JSE24', 'K7', 'D58', 'H2', '14:00:00'),
('JSE25', 'K8', 'D62', 'H2', '15:00:00'),
('JSE26', 'K9', 'D63', 'H2', '08:00:00'),
('JSE27', 'K9', 'D63', 'H2', '14:00:00'),
('JSE28', 'K9', 'D65', 'H2', '13:00:00'),
('JSE29', 'K9', 'D66', 'H2', '12:00:00'),
('JSE3', 'K2', 'D28', 'H2', '09:00:00'),
('JSE30', 'K9', 'D67', 'H2', '08:30:00'),
('JSE31', 'K9', 'D68', 'H2', '17:00:00'),
('JSE32', 'K9', 'D69', 'H2', '09:00:00'),
('JSE33', 'K10', 'D70', 'H2', '18:30:00'),
('JSE34', 'K10', 'D70', 'H2', '19:30:00'),
('JSE35', 'K11', 'D71', 'H2', '11:00:00'),
('JSE36', 'K12', 'D73', 'H2', '09:00:00'),
('JSE37', 'K14', 'D76', 'H2', '09:00:00'),
('JSE38', 'K15', 'D78', 'H2', '17:00:00'),
('JSE39', 'K15', 'D79', 'H2', '08:00:00'),
('JSE4', 'K2', 'D29', 'H2', '16:00:00'),
('JSE40', 'K15', 'D79', 'H2', '16:00:00'),
('JSE41', 'K15', 'D80', 'H2', '08:00:00'),
('JSE42', 'K15', 'D81', 'H2', '11:00:00'),
('JSE43', 'K16', 'D84', 'H2', '08:00:00'),
('JSE44', 'K16', 'D85', 'H2', '17:00:00'),
('JSE45', 'K17', 'D87', 'H2', '10:00:00'),
('JSE46', 'K17', 'D88', 'H2', '15:00:00'),
('JSE47', 'K17', 'D89', 'H2', '17:00:00'),
('JSE48', 'K17', 'D91', 'H2', '09:00:00'),
('JSE49', 'K18', 'D93', 'H2', '11:00:00'),
('JSE5', 'K2', 'D32', 'H2', '16:00:00'),
('JSE50', 'K18', 'D95', 'H2', '16:00:00'),
('JSE51', 'K18', 'D96', 'H2', '12:00:00'),
('JSE52', 'K18', 'D98', 'H2', '09:00:00'),
('JSE53', 'K19', 'D100', 'H2', '10:00:00'),
('JSE54', 'K19', 'D102', 'H2', '16:00:00'),
('JSE55', 'K20', 'D103', 'H2', '08:30:00'),
('JSE56', 'K20', 'D105', 'H2', '16:00:00'),
('JSE57', 'K21', 'D109', 'H2', '16:00:00'),
('JSE58', 'K22', 'D112', 'H2', '16:00:00'),
('JSE59', 'K25', 'D116', 'H2', '16:00:00'),
('JSE6', 'K2', 'D33', 'H2', '10:00:00'),
('JSE60', 'K27', 'D119', 'H2', '16:00:00'),
('JSE61', 'K27', 'D120', 'H2', '09:00:00'),
('JSE62', 'K28', 'D123', 'H2', '17:30:00'),
('JSE63', 'K28', 'D124', 'H2', '08:00:00'),
('JSE64', 'K28', 'D124', 'H2', '14:00:00'),
('JSE65', 'K28', 'D125', 'H2', '08:00:00'),
('JSE66', 'K28', 'D126', 'H2', '17:00:00'),
('JSE67', 'K28', 'D127', 'H2', '17:00:00'),
('JSE68', 'K28', 'D128', 'H2', '17:00:00'),
('JSE69', 'K29', 'D129', 'H2', '09:00:00'),
('JSE7', 'K2', 'D34', 'H2', '11:00:00'),
('JSE70', 'K29', 'D130', 'H2', '15:00:00'),
('JSE71', 'K29', 'D131', 'H2', '08:00:00'),
('JSE72', 'K30', 'D132', 'H2', '14:00:00'),
('JSE73', 'K30', 'D133', 'H2', '11:00:00'),
('JSE74', 'K30', 'D133', 'H2', '14:00:00'),
('JSE75', 'K31', 'D134', 'H2', '15:30:00'),
('JSE76', 'K32', 'D135', 'H2', '12:00:00'),
('JSE77', 'K33', 'D137', 'H2', '10:00:00'),
('JSE78', 'K33', 'D138', 'H2', '15:00:00'),
('JSE79', 'K34', 'D139', 'H2', '10:00:00'),
('JSE8', 'K2', 'D35', 'H2', '17:00:00'),
('JSE80', 'K35', 'D140', 'H2', '15:00:00'),
('JSE81', 'K36', 'D141', 'H2', '09:00:00'),
('JSE82', 'K36', 'D142', 'H2', '16:00:00'),
('JSE83', 'K36', 'D143', 'H2', '15:00:00'),
('JSE84', 'K36', 'D144', 'H2', '08:00:00'),
('JSE85', 'K36', 'D145', 'H2', '11:30:00'),
('JSE86', 'K36', 'D146', 'H2', '15:00:00'),
('JSE87', 'K38', 'D149', 'H2', '17:00:00'),
('JSE88', 'K38', 'D151', 'H2', '08:00:00'),
('JSE89', 'K38', 'D152', 'H2', '15:00:00'),
('JSE9', 'K2', 'D36', 'H2', '10:00:00'),
('JSE90', 'K39', 'D153', 'H2', '12:00:00'),
('JSE91', 'K39', 'D154', 'H2', '09:00:00'),
('JSI1', 'K1', 'D10', 'H1', '14:00:00'),
('JSI10', 'K4', 'D42', 'H1', '09:00:00'),
('JSI11', 'K4', 'D42', 'H1', '13:00:00'),
('JSI12', 'K4', 'D44', 'H1', '15:00:00'),
('JSI13', 'K4', 'D46', 'H1', '09:00:00'),
('JSi14', 'K4', 'D47', 'H1', '15:00:00'),
('JSI15', 'K4', 'D48', 'H1', '09:00:00'),
('JSI16', 'K4', 'D50', 'H1', '09:00:00'),
('JSI17', 'K4', 'D51', 'H1', '16:00:00'),
('JSI18', 'K5', 'D53', 'H1', '10:30:00'),
('JSI19', 'K5', 'D54', 'H1', '09:00:00'),
('JSI2', 'K1', 'D15', 'H1', '09:00:00'),
('JSI20', 'K6', 'D56', 'H1', '13:00:00'),
('JSI21', 'K6', 'D57', 'H1', '11:00:00'),
('JSI22', 'K9', 'D63', 'H1', '08:00:00'),
('JSI23', 'K9', 'D63', 'H1', '17:00:00'),
('JSI24', 'K9', 'D64', 'H1', '17:00:00'),
('JSI25', 'K9', 'D65', 'H1', '13:00:00'),
('JSI26', 'K9', 'D66', 'H1', '08:00:00'),
('JSI27', 'K9', 'D67', 'H1', '08:30:00'),
('JSI28', 'K9', 'D69', 'H1', '09:00:00'),
('JSI29', 'K9', 'D69', 'H1', '17:00:00'),
('JSI3', 'K2', 'D27', 'H1', '14:00:00'),
('JSI30', 'K11', 'D72', 'H1', '18:00:00'),
('JSI31', 'K15', 'D78', 'H1', '16:00:00'),
('JSI32', 'K15', 'D79', 'H1', '08:00:00'),
('JSI33', 'K15', 'D79', 'H1', '16:00:00'),
('JSI34', 'K15', 'D80', 'H1', '15:00:00'),
('JSI35', 'K15', 'D81', 'H1', '11:00:00'),
('JSI36', 'K16', 'D82', 'H1', '16:00:00'),
('JSI37', 'K16', 'D83', 'H1', '09:00:00'),
('JSI38', 'K16', 'D86', 'H1', '16:00:00'),
('JSI39', 'K17', 'D88', 'H1', '16:00:00'),
('JSI4', 'K2', 'D28', 'H1', '09:00:00'),
('JSI40', 'K17', 'D90', 'H1', '11:00:00'),
('JSI41', 'K18', 'D93', 'H1', '10:00:00'),
('JSI42', 'K18', 'D94', 'H1', '15:00:00'),
('JSI43', 'K19', 'D101', 'H1', '15:00:00'),
('JSI44', 'K20', 'D104', 'H1', '09:00:00'),
('JSI45', 'K20', 'D105', 'H1', '09:00:00'),
('JSI46', 'K20', 'D106', 'H1', '14:00:00'),
('JSI47', 'K21', 'D108', 'H1', '17:00:00'),
('JSI48', 'K22', 'D111', 'H1', '16:00:00'),
('JSI49', 'K24', 'D114', 'H1', '17:00:00'),
('JSI5', 'K2', 'D32', 'H1', '09:00:00'),
('JSI50', 'K25', 'D115', 'H1', '09:00:00'),
('JSI51', 'K27', 'D119', 'H1', '08:00:00'),
('JSI52', 'K27', 'D121', 'H1', '18:00:00'),
('JSI53', 'K27', 'D122', 'H1', '10:00:00'),
('JSI54', 'K28', 'D123', 'H1', '08:00:00'),
('JSI55', 'K28', 'D123', 'H1', '12:30:00'),
('JSI56', 'K28', 'D124', 'H1', '08:00:00'),
('JSI57', 'K28', 'D124', 'H1', '14:00:00'),
('JSI58', 'K28', 'D126', 'H1', '18:00:00'),
('JSI59', 'K28', 'D127', 'H1', '17:00:00'),
('JSI6', 'K2', 'D32', 'H1', '16:00:00'),
('JSI60', 'K29', 'D129', 'H1', '14:00:00'),
('JSI61', 'K29', 'D131', 'H1', '08:00:00'),
('JSI62', 'K30', 'D132', 'H1', '14:00:00'),
('JSI63', 'K30', 'D133', 'H1', '11:00:00'),
('JSI64', 'K30', 'D133', 'H1', '14:00:00'),
('JSI65', 'K32', 'D136', 'H1', '11:00:00'),
('JSI66', 'K33', 'D137', 'H1', '10:00:00'),
('JSI67', 'K36', 'D141', 'H1', '09:00:00'),
('JSI68', 'K36', 'D141', 'H1', '15:00:00'),
('JSI69', 'K36', 'D144', 'H1', '14:00:00'),
('JSI7', 'K2', 'D34', 'H1', '10:00:00'),
('JSI70', 'K36', 'D145', 'H1', '09:00:00'),
('JSI71', 'K37', 'D147', 'H1', '18:30:00'),
('JSI72', 'K38', 'D149', 'H1', '13:00:00'),
('JSI73', 'K38', 'D151', 'H1', '09:00:00'),
('JSI74', 'K38', 'D152', 'H1', '16:00:00'),
('JSI75', 'K39', 'D153', 'H1', '09:00:00'),
('JSI76', 'K39', 'D153', 'H1', '14:00:00'),
('JSI8', 'K2', 'D38', 'H1', '14:00:00'),
('JSI9', 'K2', 'D40', 'H1', '17:00:00');

-- --------------------------------------------------------

--
-- Table structure for table `klinik`
--

CREATE TABLE `klinik` (
  `id_klinik` varchar(15) NOT NULL,
  `nama_klinik` varchar(50) NOT NULL
) ENGINE=InnoDB DEFAULT CHARSET=utf8mb4 COLLATE=utf8mb4_general_ci;

--
-- Dumping data for table `klinik`
--

INSERT INTO `klinik` (`id_klinik`, `nama_klinik`) VALUES
('K1', 'Dokter Umum'),
('K10', 'Konsultan Endokrin Metabolik dan Diabetes'),
('K11', 'Konsultan Gastro Entro hepatologi'),
('K12', 'Konsultan Ginjal & Hipertensi'),
('K13', 'Konsultan Haematologi & Onkologi Medik'),
('K14', 'Konsultan Penyakit Tropik dan Infeksi'),
('K15', 'Spesialis Jantung & Pembuluh Darah / Cardiologist'),
('K16', 'Spesialis Paru dan Pernafasan / Pulmonologist'),
('K17', 'Spesialis Saraf / Neurologist'),
('K18', 'Dokter Gigi & Mulut / Dentist'),
('K19', 'Spesialis Gigi Anak / Pedodontist'),
('K2', 'Spesialis Kebidanan dan Kandungan / Obstetrician &'),
('K20', 'Spesialis Konservasi Gigi / Endodontist'),
('K21', 'Spesialis Kawat Gigi / Orthodontist'),
('K22', 'Spesialis Gigi Tiruan / Prosthodontist'),
('K23', 'Spesialis Jaringan Penyangga Gigi / Periodontist'),
('K24', 'Spesialis Penyakit Mulut / Oral Medicine'),
('K25', 'Spesialis Bedah Mulut / Oral & Maxilla Facial Surg'),
('K26', 'Spesialis Radiologi Gigi'),
('K27', 'Spesialis Mata / Ophthalmologist'),
('K28', 'Spesialis THT / Othorhinolaryngologist'),
('K29', 'Spesialis Kulit & Kelamin / Dermato-Venerologist'),
('K3', 'Spesialis Andrologi'),
('K30', 'Spesialis Bedah Umum / General Surgeon'),
('K31', 'Spesialis Bedah Anak / Pediatric Surgeon'),
('K32', 'Spesialis Bedah Plastik / Plastic & Reconstruction'),
('K33', 'Spesialis Bedah Saluran Cerna / Digestive Surgeon'),
('K34', 'Spesialis Bedah Saraf / Neuro Surgeon'),
('K35', 'Spesialis Bedah Thorak & Kardiovaskuler / Thoracic'),
('K36', 'Spesialis Bedah Tulang / Orthopedic Surgeon'),
('K37', 'Spesialis Bedah Tumor / Oncology Surgeon'),
('K38', 'Spesialis Saluran Kemih / Urologist'),
('K39', 'Spesialis Kedokteran Fisik dan Rehabilitasi Medik'),
('K4', 'Spesialis Anak / Pediatrician'),
('K40', 'Spesialis Akupuntur Medik / Medical Acupunture Phy'),
('K41', 'Spesialis Radiologi / Radiologist'),
('K42', 'Spesialis Anestesi / Anesthesiologist'),
('K5', 'Klinik Laktasi'),
('K6', 'Spesialis Gizi Klinik / Clinical Nutritionist'),
('K7', 'Klinik Psikologi / Psychologist'),
('K8', 'Spesialis Kesehatan Jiwa / Psychiatrist'),
('K9', 'Spesialis Penyakit Dalam / Internist');

--
-- Indexes for dumped tables
--

--
-- Indexes for table `dokter`
--
ALTER TABLE `dokter`
  ADD PRIMARY KEY (`id_dokter`),
  ADD KEY `ditetapkan` (`id_klinik`);

--
-- Indexes for table `hari`
--
ALTER TABLE `hari`
  ADD PRIMARY KEY (`id_hari`);

--
-- Indexes for table `jadwal`
--
ALTER TABLE `jadwal`
  ADD PRIMARY KEY (`id_jadwal`),
  ADD KEY `tersedia` (`id_dokter`),
  ADD KEY `tercatat` (`id_klinik`),
  ADD KEY `fk_id_hari` (`id_hari`);

--
-- Indexes for table `klinik`
--
ALTER TABLE `klinik`
  ADD PRIMARY KEY (`id_klinik`);

--
-- Constraints for dumped tables
--

--
-- Constraints for table `dokter`
--
ALTER TABLE `dokter`
  ADD CONSTRAINT `ditetapkan` FOREIGN KEY (`id_klinik`) REFERENCES `klinik` (`id_klinik`) ON DELETE NO ACTION ON UPDATE NO ACTION;

--
-- Constraints for table `jadwal`
--
ALTER TABLE `jadwal`
  ADD CONSTRAINT `fk_id_hari` FOREIGN KEY (`id_hari`) REFERENCES `hari` (`id_hari`) ON DELETE NO ACTION ON UPDATE NO ACTION,
  ADD CONSTRAINT `tercatat` FOREIGN KEY (`id_klinik`) REFERENCES `klinik` (`id_klinik`) ON DELETE NO ACTION ON UPDATE NO ACTION,
  ADD CONSTRAINT `tersedia` FOREIGN KEY (`id_dokter`) REFERENCES `dokter` (`id_dokter`) ON DELETE NO ACTION ON UPDATE NO ACTION;
COMMIT;

/*!40101 SET CHARACTER_SET_CLIENT=@OLD_CHARACTER_SET_CLIENT */;
/*!40101 SET CHARACTER_SET_RESULTS=@OLD_CHARACTER_SET_RESULTS */;
/*!40101 SET COLLATION_CONNECTION=@OLD_COLLATION_CONNECTION */;
